SessionID,WindowNumber,Acc_X_mean,Acc_X_std,Acc_Y_mean,Acc_Y_std,Acc_Z_mean,Acc_Z_std,Contact_size_mean,Contact_size_std,Deltas_0_mean,Deltas_0_median,Deltas_0_std,Deltas_1_mean,Deltas_1_median,Deltas_1_std,Gyr_X_mean,Gyr_X_std,Gyr_Y_mean,Gyr_Y_std,Gyr_Z_mean,Gyr_Z_std,Press_count,Pressure_mean,Pressure_std
toto999,0,,,,,,,8.183641048235294e-07,3.3895901707575608e-09,236.76,207.0,116.45538487621202,153.73076923076923,137.5,66.50266622763793,,,,,,,52,0.50390625,0.0
toto999,1,,,,,,,8.304857396103897e-07,4.083050613952322e-09,204.24137931034483,139.0,173.9572310270573,140.68965517241378,137.0,49.99578799993046,,,,,,,58,0.50390625,0.0
toto999,2,,,,,,,8.458919175781244e-07,4.9646515259547065e-09,137.88888888888889,134.5,45.938329951470365,145.6,138.0,76.17479898234062,,,,,,,71,0.50390625,0.0
