SessionID,WindowNumber,Acc_X_mean,Acc_X_std,Acc_Y_mean,Acc_Y_std,Acc_Z_mean,Acc_Z_std,Contact_size_mean,Contact_size_std,Deltas_0_mean,Deltas_0_median,Deltas_0_std,Deltas_1_mean,Deltas_1_median,Deltas_1_std,Gyr_X_mean,Gyr_X_std,Gyr_Y_mean,Gyr_Y_std,Gyr_Z_mean,Gyr_Z_std,Press_count,Pressure_mean,Pressure_std
h,0,0.6365703448000002,0.11989330906420581,2.274970434,0.11868450298750412,9.66529658,0.32622046608097016,0.17540107636363636,0.002535963381499322,283.4,186.0,218.56303438596382,63.0,70.0,17.099707599839242,0.00010652959400000078,0.03626881998213367,0.0027271600700000008,0.0337221144371948,0.002215817598,0.005200373835801802,12,0.17540107636363636,0.002535963381499322
h,1,0.609911155,0.13340310144002196,2.2554318686274506,0.11117960842531414,9.73482425490196,0.33101686600811353,0.18039216,0.0,8951.0,8951.0,12449.321989570355,84.0,84.0,16.97056274847714,-0.007925809234,0.02546925065568336,0.007819279422000001,0.023448990370701136,0.0024714888860000008,0.0036804932204204865,4,0.18039216,0.0
